session_id,participant_id,timestamp,heart_rate,skin_response,temperature,activity_level,signal_quality
FIT-2026-001,P001,0,68,1.18,32.4,0.08,0.98
FIT-2026-001,P001,1,69,1.20,32.4,0.10,0.97
FIT-2026-001,P001,2,70,1.22,32.5,0.12,0.96
FIT-2026-001,P001,3,69,1.19,32.4,0.09,0.98
FIT-2026-001,P001,4,68,1.17,32.4,0.07,0.97
FIT-2026-001,P001,5,69,1.20,32.5,0.10,0.96
FIT-2026-002,P002,0,78,1.55,32.8,0.22,0.96
FIT-2026-002,P002,1,96,1.85,33.0,0.45,0.95
FIT-2026-002,P002,2,112,2.15,33.2,0.62,0.94
FIT-2026-002,P002,3,118,2.40,33.4,0.68,0.93
FIT-2026-002,P002,4,110,2.20,33.3,0.58,0.94
FIT-2026-002,P002,5,98,1.92,33.1,0.42,0.95
FIT-2026-003,P003,0,72,1.30,32.5,0.25,0.97
FIT-2026-003,P003,1,112,2.40,33.0,0.66,0.96
FIT-2026-003,P003,2,148,3.80,33.7,0.88,0.94
FIT-2026-003,P003,3,162,4.20,34.0,0.94,0.92
FIT-2026-003,P003,4,155,4.05,34.1,0.91,0.93
FIT-2026-003,P003,5,146,3.70,33.9,0.84,0.94
FIT-2026-004,P001,0,72,1.35,32.6,0.20,0.97
FIT-2026-004,P001,1,138,3.40,33.5,0.86,0.95
FIT-2026-004,P001,2,151,3.90,33.9,0.92,0.94
FIT-2026-004,P001,3,132,3.10,33.7,0.70,0.95
FIT-2026-004,P001,4,104,2.20,33.2,0.42,0.96
FIT-2026-004,P001,5,82,1.55,32.8,0.18,0.97
FIT-2026-005,P002,0,76,1.50,32.7,0.12,0.34
FIT-2026-005,P002,1,79,1.62,32.8,0.18,0.29
FIT-2026-005,P002,2,95,1.90,33.0,0.35,0.25
FIT-2026-005,P002,3,101,2.10,33.1,0.42,0.31
FIT-2026-005,P002,4,88,1.75,32.9,0.25,0.28
